,id,votes
0,0x008c84421da5527f462886cec43d2717b686a7e4,"[{'proposalID': {'id': '16'}, 'support': 1, 'single_vote': '1'}, {'proposalID': {'id': '1'}, 'support': 1, 'single_vote': '0'}, {'proposalID': {'id': '17'}, 'support': 1, 'single_vote': '1'}, {'proposalID': {'id': '18'}, 'support': 2, 'single_vote': '1'}, {'proposalID': {'id': '19'}, 'support': 1, 'single_vote': '1'}, {'proposalID': {'id': '20'}, 'support': 1, 'single_vote': '1'}, {'proposalID': {'id': '21'}, 'support': 1, 'single_vote': '1'}, {'proposalID': {'id': '22'}, 'support': 0, 'single_vote': '1'}, {'proposalID': {'id': '23'}, 'support': 1, 'single_vote': '1'}, {'proposalID': {'id': '25'}, 'support': 1, 'single_vote': '1'}, {'proposalID': {'id': '26'}, 'support': 1, 'single_vote': '1'}, {'proposalID': {'id': '27'}, 'support': 1, 'single_vote': '1'}, {'proposalID': {'id': '28'}, 'support': 1, 'single_vote': '1'}, {'proposalID': {'id': '29'}, 'support': 1, 'single_vote': '1'}, {'proposalID': {'id': '30'}, 'support': 0, 'single_vote': '1'}, {'proposalID': {'id': '2'}, 'support': 1, 'single_vote': '1'}, {'proposalID': {'id': '33'}, 'support': 1, 'single_vote': '3'}, {'proposalID': {'id': '34'}, 'support': 1, 'single_vote': '3'}, {'proposalID': {'id': '35'}, 'support': 1, 'single_vote': '3'}, {'proposalID': {'id': '38'}, 'support': 1, 'single_vote': '3'}, {'proposalID': {'id': '40'}, 'support': 1, 'single_vote': '4'}, {'proposalID': {'id': '41'}, 'support': 1, 'single_vote': '5'}, {'proposalID': {'id': '43'}, 'support': 1, 'single_vote': '5'}, {'proposalID': {'id': '44'}, 'support': 1, 'single_vote': '5'}, {'proposalID': {'id': '47'}, 'support': 1, 'single_vote': '5'}, {'proposalID': {'id': '48'}, 'support': 1, 'single_vote': '5'}, {'proposalID': {'id': '49'}, 'support': 1, 'single_vote': '5'}, {'proposalID': {'id': '50'}, 'support': 0, 'single_vote': '5'}, {'proposalID': {'id': '51'}, 'support': 1, 'single_vote': '5'}, {'proposalID': {'id': '52'}, 'support': 1, 'single_vote': '5'}, {'proposalID': {'id': '54'}, 'support': 1, 'single_vote': '5'}, {'proposalID': {'id': '55'}, 'support': 0, 'single_vote': '5'}, {'proposalID': {'id': '56'}, 'support': 1, 'single_vote': '5'}, {'proposalID': {'id': '57'}, 'support': 2, 'single_vote': '5'}, {'proposalID': {'id': '58'}, 'support': 1, 'single_vote': '5'}, {'proposalID': {'id': '59'}, 'support': 0, 'single_vote': '5'}, {'proposalID': {'id': '60'}, 'support': 1, 'single_vote': '5'}, {'proposalID': {'id': '61'}, 'support': 1, 'single_vote': '5'}, {'proposalID': {'id': '62'}, 'support': 1, 'single_vote': '5'}, {'proposalID': {'id': '63'}, 'support': 1, 'single_vote': '5'}, {'proposalID': {'id': '64'}, 'support': 1, 'single_vote': '5'}, {'proposalID': {'id': '4'}, 'support': 1, 'single_vote': '1'}, {'proposalID': {'id': '65'}, 'support': 1, 'single_vote': '5'}, {'proposalID': {'id': '67'}, 'support': 1, 'single_vote': '5'}, {'proposalID': {'id': '68'}, 'support': 1, 'single_vote': '5'}, {'proposalID': {'id': '69'}, 'support': 1, 'single_vote': '5'}, {'proposalID': {'id': '70'}, 'support': 1, 'single_vote': '5'}, {'proposalID': {'id': '71'}, 'support': 1, 'single_vote': '5'}, {'proposalID': {'id': '72'}, 'support': 1, 'single_vote': '5'}, {'proposalID': {'id': '73'}, 'support': 1, 'single_vote': '5'}, {'proposalID': {'id': '74'}, 'support': 0, 'single_vote': '5'}, {'proposalID': {'id': '5'}, 'support': 1, 'single_vote': '1'}, {'proposalID': {'id': '83'}, 'support': 1, 'single_vote': '5'}, {'proposalID': {'id': '84'}, 'support': 1, 'single_vote': '5'}, {'proposalID': {'id': '85'}, 'support': 1, 'single_vote': '5'}, {'proposalID': {'id': '95'}, 'support': 1, 'single_vote': '5'}, {'proposalID': {'id': '6'}, 'support': 1, 'single_vote': '1'}, {'proposalID': {'id': '99'}, 'support': 1, 'single_vote': '5'}, {'proposalID': {'id': '100'}, 'support': 1, 'single_vote': '5'}, {'proposalID': {'id': '101'}, 'support': 1, 'single_vote': '5'}, {'proposalID': {'id': '108'}, 'support': 1, 'single_vote': '5'}, {'proposalID': {'id': '110'}, 'support': 1, 'single_vote': '5'}, {'proposalID': {'id': '111'}, 'support': 1, 'single_vote': '5'}, {'proposalID': {'id': '8'}, 'support': 1, 'single_vote': '1'}, {'proposalID': {'id': '9'}, 'support': 1, 'single_vote': '1'}, {'proposalID': {'id': '10'}, 'support': 1, 'single_vote': '1'}, {'proposalID': {'id': '11'}, 'support': 1, 'single_vote': '1'}, {'proposalID': {'id': '13'}, 'support': 1, 'single_vote': '1'}, {'proposalID': {'id': '14'}, 'support': 1, 'single_vote': '1'}, {'proposalID': {'id': '15'}, 'support': 1, 'single_vote': '1'}]"
1,0x01db485f57dc000e761b85641f78c9d212a2eeab,"[{'proposalID': {'id': '16'}, 'support': 1, 'single_vote': '1'}, {'proposalID': {'id': '21'}, 'support': 1, 'single_vote': '1'}, {'proposalID': {'id': '23'}, 'support': 1, 'single_vote': '1'}, {'proposalID': {'id': '26'}, 'support': 1, 'single_vote': '1'}, {'proposalID': {'id': '27'}, 'support': 1, 'single_vote': '1'}, {'proposalID': {'id': '28'}, 'support': 1, 'single_vote': '1'}, {'proposalID': {'id': '51'}, 'support': 1, 'single_vote': '1'}, {'proposalID': {'id': '53'}, 'support': 1, 'single_vote': '1'}]"
2,0x020ca66c30bec2c4fe3861a94e4db4a498a35872,"[{'proposalID': {'id': '82'}, 'support': 0, 'single_vote': '6'}]"
3,0x021edd67d43b365a6401a5ee704aa6f264f3f4e4,"[{'proposalID': {'id': '22'}, 'support': 0, 'single_vote': '1'}, {'proposalID': {'id': '29'}, 'support': 1, 'single_vote': '5'}, {'proposalID': {'id': '90'}, 'support': 2, 'single_vote': '1'}, {'proposalID': {'id': '91'}, 'support': 1, 'single_vote': '1'}, {'proposalID': {'id': '92'}, 'support': 1, 'single_vote': '1'}, {'proposalID': {'id': '93'}, 'support': 1, 'single_vote': '1'}, {'proposalID': {'id': '94'}, 'support': 1, 'single_vote': '1'}, {'proposalID': {'id': '95'}, 'support': 1, 'single_vote': '1'}, {'proposalID': {'id': '100'}, 'support': 2, 'single_vote': '1'}, {'proposalID': {'id': '101'}, 'support': 1, 'single_vote': '1'}, {'proposalID': {'id': '103'}, 'support': 1, 'single_vote': '1'}, {'proposalID': {'id': '104'}, 'support': 1, 'single_vote': '1'}]"
4,0x04ba88309915d0210666790b9e9c9cb400235e3a,"[{'proposalID': {'id': '26'}, 'support': 1, 'single_vote': '0'}]"
5,0x0d60943d3c4248d33ab1474db126b9573d911d31,"[{'proposalID': {'id': '26'}, 'support': 1, 'single_vote': '0'}]"
6,0x110a924d724f4bffc8b0ec7ae416565365e7ab34,"[{'proposalID': {'id': '26'}, 'support': 1, 'single_vote': '0'}]"
7,0x1254958bd5073c6b238e516298f0c48f6f60a78e,"[{'proposalID': {'id': '16'}, 'support': 1, 'single_vote': '1'}, {'proposalID': {'id': '2'}, 'support': 1, 'single_vote': '1'}, {'proposalID': {'id': '52'}, 'support': 1, 'single_vote': '1'}, {'proposalID': {'id': '4'}, 'support': 1, 'single_vote': '1'}, {'proposalID': {'id': '5'}, 'support': 1, 'single_vote': '1'}, {'proposalID': {'id': '6'}, 'support': 1, 'single_vote': '1'}]"
8,0x14dfdd3613054ddb14af2fa51c8a75e17dade764,"[{'proposalID': {'id': '17'}, 'support': 1, 'single_vote': '1'}, {'proposalID': {'id': '18'}, 'support': 1, 'single_vote': '2'}, {'proposalID': {'id': '20'}, 'support': 1, 'single_vote': '2'}, {'proposalID': {'id': '21'}, 'support': 0, 'single_vote': '2'}, {'proposalID': {'id': '22'}, 'support': 1, 'single_vote': '2'}, {'proposalID': {'id': '23'}, 'support': 1, 'single_vote': '2'}, {'proposalID': {'id': '26'}, 'support': 1, 'single_vote': '2'}, {'proposalID': {'id': '29'}, 'support': 1, 'single_vote': '2'}, {'proposalID': {'id': '33'}, 'support': 1, 'single_vote': '2'}, {'proposalID': {'id': '34'}, 'support': 1, 'single_vote': '2'}, {'proposalID': {'id': '35'}, 'support': 1, 'single_vote': '2'}]"
9,0x17beaa158e68ff9225b4c85151831c7a0d8f258d,"[{'proposalID': {'id': '17'}, 'support': 1, 'single_vote': '1'}, {'proposalID': {'id': '19'}, 'support': 1, 'single_vote': '1'}, {'proposalID': {'id': '21'}, 'support': 1, 'single_vote': '1'}, {'proposalID': {'id': '22'}, 'support': 1, 'single_vote': '1'}, {'proposalID': {'id': '29'}, 'support': 1, 'single_vote': '1'}, {'proposalID': {'id': '31'}, 'support': 1, 'single_vote': '1'}, {'proposalID': {'id': '32'}, 'support': 1, 'single_vote': '1'}, {'proposalID': {'id': '33'}, 'support': 1, 'single_vote': '1'}, {'proposalID': {'id': '34'}, 'support': 1, 'single_vote': '1'}, {'proposalID': {'id': '38'}, 'support': 1, 'single_vote': '1'}, {'proposalID': {'id': '49'}, 'support': 1, 'single_vote': '1'}, {'proposalID': {'id': '52'}, 'support': 1, 'single_vote': '1'}, {'proposalID': {'id': '64'}, 'support': 1, 'single_vote': '1'}, {'proposalID': {'id': '67'}, 'support': 1, 'single_vote': '1'}, {'proposalID': {'id': '6'}, 'support': 1, 'single_vote': '1'}, {'proposalID': {'id': '111'}, 'support': 1, 'single_vote': '1'}, {'proposalID': {'id': '7'}, 'support': 1, 'single_vote': '1'}, {'proposalID': {'id': '11'}, 'support': 1, 'single_vote': '1'}, {'proposalID': {'id': '13'}, 'support': 1, 'single_vote': '1'}]"
10,0x17cd072cbd45031efc21da538c783e0ed3b25dcc,"[{'proposalID': {'id': '36'}, 'support': 1, 'single_vote': '1'}, {'proposalID': {'id': '39'}, 'support': 1, 'single_vote': '1'}, {'proposalID': {'id': '44'}, 'support': 0, 'single_vote': '1'}, {'proposalID': {'id': '46'}, 'support': 2, 'single_vote': '1'}, {'proposalID': {'id': '61'}, 'support': 1, 'single_vote': '1'}, {'proposalID': {'id': '65'}, 'support': 1, 'single_vote': '1'}, {'proposalID': {'id': '73'}, 'support': 1, 'single_vote': '1'}, {'proposalID': {'id': '74'}, 'support': 1, 'single_vote': '1'}, {'proposalID': {'id': '75'}, 'support': 1, 'single_vote': '1'}, {'proposalID': {'id': '81'}, 'support': 1, 'single_vote': '1'}, {'proposalID': {'id': '85'}, 'support': 1, 'single_vote': '1'}, {'proposalID': {'id': '87'}, 'support': 1, 'single_vote': '1'}, {'proposalID': {'id': '95'}, 'support': 1, 'single_vote': '1'}]"
11,0x1977c4b06a76c160eff920c67fbc0635124364c8,"[{'proposalID': {'id': '38'}, 'support': 1, 'single_vote': '1'}, {'proposalID': {'id': '40'}, 'support': 1, 'single_vote': '1'}, {'proposalID': {'id': '42'}, 'support': 1, 'single_vote': '1'}, {'proposalID': {'id': '43'}, 'support': 1, 'single_vote': '1'}, {'proposalID': {'id': '44'}, 'support': 1, 'single_vote': '1'}, {'proposalID': {'id': '47'}, 'support': 1, 'single_vote': '1'}, {'proposalID': {'id': '51'}, 'support': 1, 'single_vote': '1'}, {'proposalID': {'id': '53'}, 'support': 1, 'single_vote': '1'}, {'proposalID': {'id': '108'}, 'support': 1, 'single_vote': '1'}]"
12,0x1984edf70973e1389548f21cd0dcb15b408240c9,"[{'proposalID': {'id': '44'}, 'support': 1, 'single_vote': '0'}, {'proposalID': {'id': '47'}, 'support': 1, 'single_vote': '1'}, {'proposalID': {'id': '68'}, 'support': 1, 'single_vote': '1'}]"
13,0x1bde33dbc5c2ac7109c4a7ecf0d0a0a6cd6f57cc,"[{'proposalID': {'id': '95'}, 'support': 1, 'single_vote': '1'}, {'proposalID': {'id': '99'}, 'support': 1, 'single_vote': '1'}]"
14,0x1e32a859d69dde58d03820f8f138c99b688d132f,"[{'proposalID': {'id': '53'}, 'support': 1, 'single_vote': '1'}]"
15,0x1e341aa44c293d95d13d778492d417d1be4e63d5,"[{'proposalID': {'id': '67'}, 'support': 1, 'single_vote': '1'}, {'proposalID': {'id': '70'}, 'support': 1, 'single_vote': '1'}, {'proposalID': {'id': '85'}, 'support': 1, 'single_vote': '1'}, {'proposalID': {'id': '87'}, 'support': 1, 'single_vote': '1'}, {'proposalID': {'id': '91'}, 'support': 1, 'single_vote': '1'}, {'proposalID': {'id': '92'}, 'support': 1, 'single_vote': '1'}]"
16,0x203cc9b81c53fd649bd575e0e19925dd1a2a54da,"[{'proposalID': {'id': '100'}, 'support': 0, 'single_vote': '1'}, {'proposalID': {'id': '101'}, 'support': 1, 'single_vote': '1'}, {'proposalID': {'id': '103'}, 'support': 1, 'single_vote': '1'}, {'proposalID': {'id': '104'}, 'support': 1, 'single_vote': '1'}, {'proposalID': {'id': '106'}, 'support': 1, 'single_vote': '1'}, {'proposalID': {'id': '108'}, 'support': 0, 'single_vote': '1'}]"
17,0x22a8d48de82c0ad16318b43a43aa92f13b3a43e9,"[{'proposalID': {'id': '82'}, 'support': 1, 'single_vote': '0'}]"
18,0x231a07c825f052b895de5fd1513ce40d18e14af5,"[{'proposalID': {'id': '95'}, 'support': 1, 'single_vote': '3'}]"
19,0x24d7a9daf84a3f30b279b931a732f58c4eb0e52b,"[{'proposalID': {'id': '38'}, 'support': 1, 'single_vote': '1'}]"
20,0x2536c09e5f5691498805884fa37811be3b2bddb4,"[{'proposalID': {'id': '1'}, 'support': 1, 'single_vote': '1'}]"
21,0x2573c60a6d127755aa2dc85e342f7da2378a0cc5,"[{'proposalID': {'id': '16'}, 'support': 1, 'single_vote': '9'}, {'proposalID': {'id': '1'}, 'support': 1, 'single_vote': '2'}, {'proposalID': {'id': '17'}, 'support': 1, 'single_vote': '10'}, {'proposalID': {'id': '18'}, 'support': 1, 'single_vote': '10'}, {'proposalID': {'id': '19'}, 'support': 1, 'single_vote': '11'}, {'proposalID': {'id': '20'}, 'support': 1, 'single_vote': '11'}, {'proposalID': {'id': '21'}, 'support': 2, 'single_vote': '11'}, {'proposalID': {'id': '22'}, 'support': 1, 'single_vote': '11'}, {'proposalID': {'id': '23'}, 'support': 1, 'single_vote': '12'}, {'proposalID': {'id': '24'}, 'support': 0, 'single_vote': '12'}, {'proposalID': {'id': '25'}, 'support': 1, 'single_vote': '12'}, {'proposalID': {'id': '26'}, 'support': 1, 'single_vote': '12'}, {'proposalID': {'id': '27'}, 'support': 1, 'single_vote': '13'}, {'proposalID': {'id': '28'}, 'support': 1, 'single_vote': '13'}, {'proposalID': {'id': '29'}, 'support': 1, 'single_vote': '15'}, {'proposalID': {'id': '30'}, 'support': 1, 'single_vote': '15'}, {'proposalID': {'id': '31'}, 'support': 1, 'single_vote': '16'}, {'proposalID': {'id': '32'}, 'support': 1, 'single_vote': '16'}, {'proposalID': {'id': '2'}, 'support': 1, 'single_vote': '2'}, {'proposalID': {'id': '33'}, 'support': 1, 'single_vote': '17'}, {'proposalID': {'id': '34'}, 'support': 1, 'single_vote': '17'}, {'proposalID': {'id': '36'}, 'support': 1, 'single_vote': '18'}, {'proposalID': {'id': '37'}, 'support': 1, 'single_vote': '18'}, {'proposalID': {'id': '38'}, 'support': 1, 'single_vote': '19'}, {'proposalID': {'id': '39'}, 'support': 1, 'single_vote': '19'}, {'proposalID': {'id': '40'}, 'support': 1, 'single_vote': '21'}, {'proposalID': {'id': '42'}, 'support': 1, 'single_vote': '21'}, {'proposalID': {'id': '43'}, 'support': 1, 'single_vote': '22'}, {'proposalID': {'id': '44'}, 'support': 1, 'single_vote': '23'}, {'proposalID': {'id': '45'}, 'support': 1, 'single_vote': '23'}, {'proposalID': {'id': '46'}, 'support': 1, 'single_vote': '24'}, {'proposalID': {'id': '48'}, 'support': 1, 'single_vote': '24'}, {'proposalID': {'id': '3'}, 'support': 1, 'single_vote': '3'}, {'proposalID': {'id': '49'}, 'support': 2, 'single_vote': '25'}, {'proposalID': {'id': '52'}, 'support': 2, 'single_vote': '25'}, {'proposalID': {'id': '53'}, 'support': 1, 'single_vote': '25'}, {'proposalID': {'id': '57'}, 'support': 1, 'single_vote': '26'}, {'proposalID': {'id': '58'}, 'support': 1, 'single_vote': '26'}, {'proposalID': {'id': '59'}, 'support': 0, 'single_vote': '26'}, {'proposalID': {'id': '60'}, 'support': 1, 'single_vote': '25'}, {'proposalID': {'id': '61'}, 'support': 1, 'single_vote': '25'}, {'proposalID': {'id': '62'}, 'support': 1, 'single_vote': '25'}, {'proposalID': {'id': '63'}, 'support': 1, 'single_vote': '26'}, {'proposalID': {'id': '64'}, 'support': 1, 'single_vote': '26'}, {'proposalID': {'id': '4'}, 'support': 1, 'single_vote': '3'}, {'proposalID': {'id': '65'}, 'support': 1, 'single_vote': '26'}, {'proposalID': {'id': '67'}, 'support': 1, 'single_vote': '26'}, {'proposalID': {'id': '68'}, 'support': 1, 'single_vote': '26'}, {'proposalID': {'id': '69'}, 'support': 1, 'single_vote': '26'}, {'proposalID': {'id': '71'}, 'support': 1, 'single_vote': '27'}, {'proposalID': {'id': '72'}, 'support': 2, 'single_vote': '27'}, {'proposalID': {'id': '73'}, 'support': 1, 'single_vote': '28'}, {'proposalID': {'id': '75'}, 'support': 1, 'single_vote': '28'}, {'proposalID': {'id': '77'}, 'support': 1, 'single_vote': '28'}, {'proposalID': {'id': '78'}, 'support': 2, 'single_vote': '29'}, {'proposalID': {'id': '5'}, 'support': 1, 'single_vote': '5'}, {'proposalID': {'id': '81'}, 'support': 0, 'single_vote': '29'}, {'proposalID': {'id': '82'}, 'support': 1, 'single_vote': '29'}, {'proposalID': {'id': '83'}, 'support': 1, 'single_vote': '29'}, {'proposalID': {'id': '85'}, 'support': 1, 'single_vote': '30'}, {'proposalID': {'id': '87'}, 'support': 1, 'single_vote': '29'}, {'proposalID': {'id': '89'}, 'support': 0, 'single_vote': '29'}, {'proposalID': {'id': '90'}, 'support': 1, 'single_vote': '30'}, {'proposalID': {'id': '91'}, 'support': 1, 'single_vote': '30'}, {'proposalID': {'id': '92'}, 'support': 1, 'single_vote': '30'}, {'proposalID': {'id': '93'}, 'support': 0, 'single_vote': '30'}, {'proposalID': {'id': '95'}, 'support': 1, 'single_vote': '30'}, {'proposalID': {'id': '6'}, 'support': 1, 'single_vote': '5'}, {'proposalID': {'id': '97'}, 'support': 1, 'single_vote': '31'}, {'proposalID': {'id': '107'}, 'support': 0, 'single_vote': '10'}, {'proposalID': {'id': '8'}, 'support': 1, 'single_vote': '6'}, {'proposalID': {'id': '9'}, 'support': 1, 'single_vote': '6'}, {'proposalID': {'id': '10'}, 'support': 1, 'single_vote': '7'}, {'proposalID': {'id': '11'}, 'support': 1, 'single_vote': '7'}, {'proposalID': {'id': '12'}, 'support': 1, 'single_vote': '7'}, {'proposalID': {'id': '14'}, 'support': 1, 'single_vote': '8'}, {'proposalID': {'id': '15'}, 'support': 1, 'single_vote': '9'}]"
22,0x2c6941d2174212656a512c7ab9e86e16ceaa6359,"[{'proposalID': {'id': '43'}, 'support': 1, 'single_vote': '0'}, {'proposalID': {'id': '55'}, 'support': 0, 'single_vote': '1'}]"
23,0x2e32935bfd5b2718f99bc8fdf8b37c16811f7d97,"[{'proposalID': {'id': '108'}, 'support': 0, 'single_vote': '1'}, {'proposalID': {'id': '109'}, 'support': 1, 'single_vote': '1'}, {'proposalID': {'id': '110'}, 'support': 1, 'single_vote': '1'}]"
24,0x2e5ccffbae934a9cb7e061fca7af01946e4e550e,"[{'proposalID': {'id': '9'}, 'support': 1, 'single_vote': '1'}, {'proposalID': {'id': '10'}, 'support': 1, 'single_vote': '1'}, {'proposalID': {'id': '12'}, 'support': 1, 'single_vote': '1'}]"
25,0x2ef24ddbb0551f71e270eba4da94fe72f98c178a,"[{'proposalID': {'id': '26'}, 'support': 1, 'single_vote': '0'}]"
26,0x2f8334822c7362f3d80fe731d3962d582d25bf5b,"[{'proposalID': {'id': '73'}, 'support': 1, 'single_vote': '1'}, {'proposalID': {'id': '74'}, 'support': 2, 'single_vote': '1'}, {'proposalID': {'id': '75'}, 'support': 1, 'single_vote': '1'}, {'proposalID': {'id': '77'}, 'support': 1, 'single_vote': '1'}]"
27,0x32d1a53f6709a03f4b6cf4cb0501204ba188d4f5,"[{'proposalID': {'id': '30'}, 'support': 0, 'single_vote': '1'}, {'proposalID': {'id': '33'}, 'support': 0, 'single_vote': '1'}, {'proposalID': {'id': '35'}, 'support': 1, 'single_vote': '1'}, {'proposalID': {'id': '37'}, 'support': 1, 'single_vote': '1'}, {'proposalID': {'id': '40'}, 'support': 1, 'single_vote': '1'}, {'proposalID': {'id': '41'}, 'support': 1, 'single_vote': '1'}, {'proposalID': {'id': '42'}, 'support': 1, 'single_vote': '1'}, {'proposalID': {'id': '44'}, 'support': 2, 'single_vote': '1'}, {'proposalID': {'id': '45'}, 'support': 1, 'single_vote': '1'}, {'proposalID': {'id': '46'}, 'support': 1, 'single_vote': '1'}, {'proposalID': {'id': '47'}, 'support': 2, 'single_vote': '1'}, {'proposalID': {'id': '48'}, 'support': 1, 'single_vote': '1'}, {'proposalID': {'id': '49'}, 'support': 0, 'single_vote': '1'}, {'proposalID': {'id': '51'}, 'support': 1, 'single_vote': '1'}, {'proposalID': {'id': '52'}, 'support': 0, 'single_vote': '1'}, {'proposalID': {'id': '54'}, 'support': 1, 'single_vote': '1'}, {'proposalID': {'id': '55'}, 'support': 0, 'single_vote': '1'}, {'proposalID': {'id': '56'}, 'support': 2, 'single_vote': '1'}, {'proposalID': {'id': '57'}, 'support': 2, 'single_vote': '1'}, {'proposalID': {'id': '58'}, 'support': 1, 'single_vote': '1'}, {'proposalID': {'id': '59'}, 'support': 0, 'single_vote': '1'}, {'proposalID': {'id': '60'}, 'support': 1, 'single_vote': '1'}, {'proposalID': {'id': '61'}, 'support': 1, 'single_vote': '1'}, {'proposalID': {'id': '62'}, 'support': 1, 'single_vote': '1'}, {'proposalID': {'id': '63'}, 'support': 2, 'single_vote': '1'}, {'proposalID': {'id': '64'}, 'support': 1, 'single_vote': '1'}, {'proposalID': {'id': '65'}, 'support': 1, 'single_vote': '1'}, {'proposalID': {'id': '67'}, 'support': 1, 'single_vote': '1'}, {'proposalID': {'id': '68'}, 'support': 1, 'single_vote': '1'}, {'proposalID': {'id': '69'}, 'support': 1, 'single_vote': '1'}, {'proposalID': {'id': '70'}, 'support': 1, 'single_vote': '1'}, {'proposalID': {'id': '72'}, 'support': 2, 'single_vote': '1'}, {'proposalID': {'id': '77'}, 'support': 1, 'single_vote': '1'}, {'proposalID': {'id': '82'}, 'support': 0, 'single_vote': '1'}, {'proposalID': {'id': '83'}, 'support': 1, 'single_vote': '1'}]"
28,0x33daf8e90cd1f214cc25a1865649e847254f2ece,"[{'proposalID': {'id': '45'}, 'support': 1, 'single_vote': '1'}, {'proposalID': {'id': '95'}, 'support': 1, 'single_vote': '1'}, {'proposalID': {'id': '6'}, 'support': 1, 'single_vote': '1'}, {'proposalID': {'id': '99'}, 'support': 1, 'single_vote': '1'}, {'proposalID': {'id': '100'}, 'support': 1, 'single_vote': '1'}, {'proposalID': {'id': '101'}, 'support': 1, 'single_vote': '1'}, {'proposalID': {'id': '102'}, 'support': 1, 'single_vote': '1'}, {'proposalID': {'id': '103'}, 'support': 1, 'single_vote': '1'}, {'proposalID': {'id': '104'}, 'support': 1, 'single_vote': '1'}, {'proposalID': {'id': '9'}, 'support': 1, 'single_vote': '1'}, {'proposalID': {'id': '11'}, 'support': 1, 'single_vote': '1'}, {'proposalID': {'id': '12'}, 'support': 1, 'single_vote': '1'}, {'proposalID': {'id': '13'}, 'support': 1, 'single_vote': '1'}]"
29,0x347b43a9f6e5ef282c93005308b4bc45b79f5e61,"[{'proposalID': {'id': '89'}, 'support': 0, 'single_vote': '1'}, {'proposalID': {'id': '90'}, 'support': 1, 'single_vote': '1'}, {'proposalID': {'id': '91'}, 'support': 1, 'single_vote': '1'}, {'proposalID': {'id': '94'}, 'support': 0, 'single_vote': '1'}, {'proposalID': {'id': '95'}, 'support': 1, 'single_vote': '1'}]"
30,0x3496f3600070cc01d9665d1057f6f39afc0fe149,"[{'proposalID': {'id': '83'}, 'support': 2, 'single_vote': '2'}]"
31,0x353224270c2c9a7ecce7d8dba98a61587da6f50a,"[{'proposalID': {'id': '47'}, 'support': 1, 'single_vote': '1'}, {'proposalID': {'id': '51'}, 'support': 1, 'single_vote': '1'}, {'proposalID': {'id': '52'}, 'support': 1, 'single_vote': '1'}, {'proposalID': {'id': '53'}, 'support': 1, 'single_vote': '1'}, {'proposalID': {'id': '54'}, 'support': 1, 'single_vote': '1'}, {'proposalID': {'id': '55'}, 'support': 2, 'single_vote': '1'}, {'proposalID': {'id': '56'}, 'support': 1, 'single_vote': '1'}, {'proposalID': {'id': '61'}, 'support': 1, 'single_vote': '1'}, {'proposalID': {'id': '62'}, 'support': 1, 'single_vote': '1'}, {'proposalID': {'id': '72'}, 'support': 1, 'single_vote': '1'}, {'proposalID': {'id': '73'}, 'support': 1, 'single_vote': '1'}, {'proposalID': {'id': '75'}, 'support': 1, 'single_vote': '1'}, {'proposalID': {'id': '77'}, 'support': 1, 'single_vote': '1'}, {'proposalID': {'id': '82'}, 'support': 1, 'single_vote': '1'}, {'proposalID': {'id': '83'}, 'support': 1, 'single_vote': '1'}, {'proposalID': {'id': '84'}, 'support': 1, 'single_vote': '1'}, {'proposalID': {'id': '87'}, 'support': 1, 'single_vote': '1'}]"
32,0x3612b2e93b49f6c797066ca8c38b7f522b32c7cb,"[{'proposalID': {'id': '17'}, 'support': 1, 'single_vote': '1'}, {'proposalID': {'id': '18'}, 'support': 1, 'single_vote': '1'}, {'proposalID': {'id': '29'}, 'support': 1, 'single_vote': '1'}, {'proposalID': {'id': '30'}, 'support': 1, 'single_vote': '1'}, {'proposalID': {'id': '33'}, 'support': 1, 'single_vote': '1'}, {'proposalID': {'id': '61'}, 'support': 1, 'single_vote': '1'}, {'proposalID': {'id': '14'}, 'support': 1, 'single_vote': '1'}]"
33,0x36a5bc205df1ed65c86301022cfc343a6ce546ff,"[{'proposalID': {'id': '33'}, 'support': 1, 'single_vote': '1'}, {'proposalID': {'id': '42'}, 'support': 1, 'single_vote': '1'}, {'proposalID': {'id': '67'}, 'support': 1, 'single_vote': '1'}, {'proposalID': {'id': '69'}, 'support': 1, 'single_vote': '1'}, {'proposalID': {'id': '75'}, 'support': 1, 'single_vote': '1'}, {'proposalID': {'id': '78'}, 'support': 0, 'single_vote': '1'}, {'proposalID': {'id': '81'}, 'support': 0, 'single_vote': '1'}, {'proposalID': {'id': '82'}, 'support': 1, 'single_vote': '1'}, {'proposalID': {'id': '90'}, 'support': 1, 'single_vote': '1'}, {'proposalID': {'id': '91'}, 'support': 1, 'single_vote': '1'}, {'proposalID': {'id': '92'}, 'support': 1, 'single_vote': '1'}, {'proposalID': {'id': '99'}, 'support': 1, 'single_vote': '1'}, {'proposalID': {'id': '100'}, 'support': 1, 'single_vote': '1'}, {'proposalID': {'id': '102'}, 'support': 1, 'single_vote': '2'}, {'proposalID': {'id': '103'}, 'support': 1, 'single_vote': '2'}, {'proposalID': {'id': '105'}, 'support': 1, 'single_vote': '2'}]"
34,0x387a161c6b25aa854100abaed39274e51aaffffd,"[{'proposalID': {'id': '51'}, 'support': 2, 'single_vote': '1'}, {'proposalID': {'id': '52'}, 'support': 1, 'single_vote': '1'}, {'proposalID': {'id': '53'}, 'support': 1, 'single_vote': '1'}, {'proposalID': {'id': '56'}, 'support': 1, 'single_vote': '1'}, {'proposalID': {'id': '57'}, 'support': 1, 'single_vote': '1'}, {'proposalID': {'id': '61'}, 'support': 1, 'single_vote': '1'}, {'proposalID': {'id': '62'}, 'support': 1, 'single_vote': '1'}, {'proposalID': {'id': '63'}, 'support': 1, 'single_vote': '1'}, {'proposalID': {'id': '64'}, 'support': 1, 'single_vote': '1'}, {'proposalID': {'id': '65'}, 'support': 1, 'single_vote': '1'}, {'proposalID': {'id': '67'}, 'support': 1, 'single_vote': '1'}, {'proposalID': {'id': '68'}, 'support': 1, 'single_vote': '1'}, {'proposalID': {'id': '69'}, 'support': 1, 'single_vote': '1'}, {'proposalID': {'id': '70'}, 'support': 1, 'single_vote': '1'}, {'proposalID': {'id': '71'}, 'support': 1, 'single_vote': '1'}, {'proposalID': {'id': '72'}, 'support': 1, 'single_vote': '1'}, {'proposalID': {'id': '75'}, 'support': 1, 'single_vote': '1'}, {'proposalID': {'id': '81'}, 'support': 0, 'single_vote': '1'}, {'proposalID': {'id': '82'}, 'support': 1, 'single_vote': '1'}, {'proposalID': {'id': '83'}, 'support': 1, 'single_vote': '1'}, {'proposalID': {'id': '84'}, 'support': 1, 'single_vote': '1'}, {'proposalID': {'id': '85'}, 'support': 1, 'single_vote': '1'}]"
35,0x3d209a7ddebd2ac83b5e6681d997bdf04d1b9b6b,"[{'proposalID': {'id': '103'}, 'support': 1, 'single_vote': '1'}, {'proposalID': {'id': '105'}, 'support': 1, 'single_vote': '1'}]"
36,0x3dbdf1a202d21aac3309d91dacfcef84b8873f7a,"[{'proposalID': {'id': '19'}, 'support': 1, 'single_vote': '1'}, {'proposalID': {'id': '21'}, 'support': 1, 'single_vote': '1'}, {'proposalID': {'id': '22'}, 'support': 0, 'single_vote': '1'}, {'proposalID': {'id': '23'}, 'support': 1, 'single_vote': '1'}]"
37,0x3f58588b59da010031dd8a355dcd7de229663ebf,"[{'proposalID': {'id': '51'}, 'support': 1, 'single_vote': '1'}, {'proposalID': {'id': '52'}, 'support': 1, 'single_vote': '1'}, {'proposalID': {'id': '53'}, 'support': 1, 'single_vote': '1'}, {'proposalID': {'id': '55'}, 'support': 1, 'single_vote': '1'}, {'proposalID': {'id': '60'}, 'support': 1, 'single_vote': '1'}]"
38,0x41f283465224c01b64bb14c86bceab80ae79fc95,"[{'proposalID': {'id': '25'}, 'support': 1, 'single_vote': '0'}]"
39,0x43a330dec81bbd5e21f41c6b8354e54d481efc93,"[{'proposalID': {'id': '16'}, 'support': 0, 'single_vote': '7'}, {'proposalID': {'id': '17'}, 'support': 1, 'single_vote': '9'}, {'proposalID': {'id': '18'}, 'support': 2, 'single_vote': '9'}, {'proposalID': {'id': '20'}, 'support': 1, 'single_vote': '9'}, {'proposalID': {'id': '21'}, 'support': 0, 'single_vote': '9'}, {'proposalID': {'id': '22'}, 'support': 2, 'single_vote': '9'}, {'proposalID': {'id': '23'}, 'support': 1, 'single_vote': '9'}, {'proposalID': {'id': '35'}, 'support': 1, 'single_vote': '9'}, {'proposalID': {'id': '38'}, 'support': 1, 'single_vote': '9'}, {'proposalID': {'id': '5'}, 'support': 1, 'single_vote': '2'}, {'proposalID': {'id': '6'}, 'support': 1, 'single_vote': '3'}, {'proposalID': {'id': '7'}, 'support': 1, 'single_vote': '4'}, {'proposalID': {'id': '8'}, 'support': 1, 'single_vote': '6'}, {'proposalID': {'id': '10'}, 'support': 1, 'single_vote': '6'}, {'proposalID': {'id': '13'}, 'support': 1, 'single_vote': '6'}, {'proposalID': {'id': '15'}, 'support': 1, 'single_vote': '7'}]"
40,0x44736f68f0a7a3b2244750997ac073a6a036e3e8,"[{'proposalID': {'id': '64'}, 'support': 1, 'single_vote': '1'}]"
41,0x4680cb63563472cac10236c07d288580d8d7b52a,"[{'proposalID': {'id': '17'}, 'support': 1, 'single_vote': '3'}, {'proposalID': {'id': '18'}, 'support': 1, 'single_vote': '3'}, {'proposalID': {'id': '20'}, 'support': 1, 'single_vote': '3'}, {'proposalID': {'id': '21'}, 'support': 0, 'single_vote': '3'}, {'proposalID': {'id': '22'}, 'support': 1, 'single_vote': '3'}]"
42,0x4754b7e3dede42d71d6c92978f25f306176ec7e9,"[{'proposalID': {'id': '29'}, 'support': 1, 'single_vote': '2'}, {'proposalID': {'id': '30'}, 'support': 1, 'single_vote': '4'}, {'proposalID': {'id': '33'}, 'support': 1, 'single_vote': '5'}, {'proposalID': {'id': '37'}, 'support': 1, 'single_vote': '4'}, {'proposalID': {'id': '38'}, 'support': 1, 'single_vote': '6'}, {'proposalID': {'id': '44'}, 'support': 1, 'single_vote': '7'}, {'proposalID': {'id': '45'}, 'support': 1, 'single_vote': '7'}, {'proposalID': {'id': '46'}, 'support': 1, 'single_vote': '7'}, {'proposalID': {'id': '47'}, 'support': 1, 'single_vote': '6'}, {'proposalID': {'id': '49'}, 'support': 1, 'single_vote': '7'}, {'proposalID': {'id': '50'}, 'support': 0, 'single_vote': '6'}, {'proposalID': {'id': '51'}, 'support': 1, 'single_vote': '6'}, {'proposalID': {'id': '52'}, 'support': 1, 'single_vote': '6'}, {'proposalID': {'id': '53'}, 'support': 1, 'single_vote': '6'}, {'proposalID': {'id': '54'}, 'support': 1, 'single_vote': '6'}, {'proposalID': {'id': '55'}, 'support': 0, 'single_vote': '6'}, {'proposalID': {'id': '56'}, 'support': 1, 'single_vote': '6'}, {'proposalID': {'id': '57'}, 'support': 2, 'single_vote': '7'}, {'proposalID': {'id': '58'}, 'support': 0, 'single_vote': '11'}, {'proposalID': {'id': '59'}, 'support': 0, 'single_vote': '11'}, {'proposalID': {'id': '61'}, 'support': 1, 'single_vote': '14'}, {'proposalID': {'id': '63'}, 'support': 1, 'single_vote': '15'}, {'proposalID': {'id': '64'}, 'support': 1, 'single_vote': '16'}, {'proposalID': {'id': '65'}, 'support': 1, 'single_vote': '16'}, {'proposalID': {'id': '67'}, 'support': 1, 'single_vote': '16'}, {'proposalID': {'id': '72'}, 'support': 2, 'single_vote': '32'}, {'proposalID': {'id': '73'}, 'support': 1, 'single_vote': '36'}, {'proposalID': {'id': '74'}, 'support': 0, 'single_vote': '36'}, {'proposalID': {'id': '75'}, 'support': 1, 'single_vote': '37'}, {'proposalID': {'id': '77'}, 'support': 1, 'single_vote': '43'}, {'proposalID': {'id': '78'}, 'support': 0, 'single_vote': '42'}, {'proposalID': {'id': '81'}, 'support': 1, 'single_vote': '42'}, {'proposalID': {'id': '82'}, 'support': 1, 'single_vote': '42'}, {'proposalID': {'id': '83'}, 'support': 1, 'single_vote': '42'}, {'proposalID': {'id': '84'}, 'support': 1, 'single_vote': '42'}, {'proposalID': {'id': '85'}, 'support': 1, 'single_vote': '42'}, {'proposalID': {'id': '86'}, 'support': 2, 'single_vote': '43'}, {'proposalID': {'id': '87'}, 'support': 1, 'single_vote': '41'}, {'proposalID': {'id': '89'}, 'support': 0, 'single_vote': '39'}, {'proposalID': {'id': '90'}, 'support': 1, 'single_vote': '41'}, {'proposalID': {'id': '91'}, 'support': 1, 'single_vote': '41'}, {'proposalID': {'id': '92'}, 'support': 1, 'single_vote': '41'}, {'proposalID': {'id': '93'}, 'support': 1, 'single_vote': '28'}, {'proposalID': {'id': '94'}, 'support': 0, 'single_vote': '28'}, {'proposalID': {'id': '95'}, 'support': 1, 'single_vote': '29'}, {'proposalID': {'id': '103'}, 'support': 1, 'single_vote': '28'}, {'proposalID': {'id': '104'}, 'support': 0, 'single_vote': '28'}, {'proposalID': {'id': '105'}, 'support': 1, 'single_vote': '23'}, {'proposalID': {'id': '106'}, 'support': 1, 'single_vote': '24'}, {'proposalID': {'id': '107'}, 'support': 1, 'single_vote': '25'}, {'proposalID': {'id': '108'}, 'support': 1, 'single_vote': '26'}, {'proposalID': {'id': '110'}, 'support': 1, 'single_vote': '25'}, {'proposalID': {'id': '111'}, 'support': 1, 'single_vote': '25'}]"
43,0x47d4f20ae83bcd350105f199f900e6e6104dab6a,"[{'proposalID': {'id': '44'}, 'support': 1, 'single_vote': '1'}, {'proposalID': {'id': '87'}, 'support': 1, 'single_vote': '1'}]"
44,0x48e3e06520ff208746b8555076f7af3e71af1a4f,"[{'proposalID': {'id': '16'}, 'support': 1, 'single_vote': '1'}, {'proposalID': {'id': '17'}, 'support': 1, 'single_vote': '1'}, {'proposalID': {'id': '18'}, 'support': 2, 'single_vote': '1'}, {'proposalID': {'id': '21'}, 'support': 1, 'single_vote': '1'}, {'proposalID': {'id': '22'}, 'support': 0, 'single_vote': '1'}, {'proposalID': {'id': '27'}, 'support': 1, 'single_vote': '1'}, {'proposalID': {'id': '28'}, 'support': 1, 'single_vote': '1'}, {'proposalID': {'id': '33'}, 'support': 1, 'single_vote': '1'}, {'proposalID': {'id': '38'}, 'support': 1, 'single_vote': '1'}, {'proposalID': {'id': '9'}, 'support': 1, 'single_vote': '1'}, {'proposalID': {'id': '12'}, 'support': 1, 'single_vote': '1'}, {'proposalID': {'id': '13'}, 'support': 1, 'single_vote': '1'}, {'proposalID': {'id': '14'}, 'support': 1, 'single_vote': '1'}, {'proposalID': {'id': '15'}, 'support': 1, 'single_vote': '1'}]"
45,0x4c00f62943546975354d3460d1759189460b44e7,"[{'proposalID': {'id': '75'}, 'support': 1, 'single_vote': '2'}]"
46,0x4c5816d9a83ddd60c6ef8d1bef23bd0fb920d8c5,"[{'proposalID': {'id': '84'}, 'support': 1, 'single_vote': '2'}, {'proposalID': {'id': '85'}, 'support': 1, 'single_vote': '2'}, {'proposalID': {'id': '90'}, 'support': 1, 'single_vote': '2'}, {'proposalID': {'id': '91'}, 'support': 1, 'single_vote': '2'}, {'proposalID': {'id': '92'}, 'support': 1, 'single_vote': '2'}, {'proposalID': {'id': '105'}, 'support': 1, 'single_vote': '2'}]"
47,0x501fea3b37837cde179d1c38595ea6d590becf2e,"[{'proposalID': {'id': '99'}, 'support': 1, 'single_vote': '1'}, {'proposalID': {'id': '102'}, 'support': 1, 'single_vote': '1'}, {'proposalID': {'id': '105'}, 'support': 1, 'single_vote': '1'}]"
48,0x5306c064f74b2c45d3f1afae90cf0d74f7523fe4,"[{'proposalID': {'id': '49'}, 'support': 0, 'single_vote': '0'}]"
49,0x54be3a794282c030b15e43ae2bb182e14c409c5e,"[{'proposalID': {'id': '1'}, 'support': 1, 'single_vote': '1'}, {'proposalID': {'id': '2'}, 'support': 1, 'single_vote': '1'}, {'proposalID': {'id': '3'}, 'support': 1, 'single_vote': '1'}]"
50,0x56178626332fc530561535eeaa914b863aa455f2,"[{'proposalID': {'id': '42'}, 'support': 1, 'single_vote': '1'}]"
51,0x565b93a15d38acd79c120b15432d21e21ed274d6,"[{'proposalID': {'id': '84'}, 'support': 0, 'single_vote': '1'}, {'proposalID': {'id': '107'}, 'support': 1, 'single_vote': '1'}]"
52,0x583885492b1ac55e6633cdd89d03939033c96bf8,"[{'proposalID': {'id': '106'}, 'support': 1, 'single_vote': '1'}]"
53,0x585f4fbe2d2a889c286fa71fb81d01f30773f4b1,"[{'proposalID': {'id': '49'}, 'support': 0, 'single_vote': '2'}]"
54,0x58c5886ff71a053d8722aff86edae0fdc00cf0a0,"[{'proposalID': {'id': '18'}, 'support': 1, 'single_vote': '1'}, {'proposalID': {'id': '21'}, 'support': 0, 'single_vote': '1'}, {'proposalID': {'id': '22'}, 'support': 1, 'single_vote': '1'}]"
55,0x5be068c777f27df1eb6d8871b90dce0afd955ee8,"[{'proposalID': {'id': '46'}, 'support': 1, 'single_vote': '0'}]"
56,0x5c503df9051b1dbb941f3046cb293c97d7cef4ad,"[{'proposalID': {'id': '36'}, 'support': 0, 'single_vote': '1'}]"
57,0x5c6e1b0e60d4a1493ca8dd9bbf7a31d65eeec094,"[{'proposalID': {'id': '107'}, 'support': 1, 'single_vote': '1'}, {'proposalID': {'id': '108'}, 'support': 1, 'single_vote': '1'}]"
58,0x5ca6a2e5f53a48616d4ead87ff6034fc032d4722,"[{'proposalID': {'id': '46'}, 'support': 1, 'single_vote': '1'}, {'proposalID': {'id': '49'}, 'support': 0, 'single_vote': '1'}, {'proposalID': {'id': '51'}, 'support': 1, 'single_vote': '1'}, {'proposalID': {'id': '54'}, 'support': 1, 'single_vote': '1'}, {'proposalID': {'id': '56'}, 'support': 1, 'single_vote': '1'}, {'proposalID': {'id': '57'}, 'support': 1, 'single_vote': '1'}, {'proposalID': {'id': '59'}, 'support': 0, 'single_vote': '1'}, {'proposalID': {'id': '60'}, 'support': 1, 'single_vote': '1'}, {'proposalID': {'id': '61'}, 'support': 1, 'single_vote': '1'}, {'proposalID': {'id': '62'}, 'support': 1, 'single_vote': '1'}, {'proposalID': {'id': '64'}, 'support': 0, 'single_vote': '1'}, {'proposalID': {'id': '65'}, 'support': 0, 'single_vote': '1'}, {'proposalID': {'id': '67'}, 'support': 1, 'single_vote': '1'}, {'proposalID': {'id': '68'}, 'support': 1, 'single_vote': '1'}, {'proposalID': {'id': '70'}, 'support': 1, 'single_vote': '1'}, {'proposalID': {'id': '72'}, 'support': 0, 'single_vote': '1'}, {'proposalID': {'id': '74'}, 'support': 0, 'single_vote': '1'}, {'proposalID': {'id': '77'}, 'support': 1, 'single_vote': '1'}, {'proposalID': {'id': '89'}, 'support': 0, 'single_vote': '1'}, {'proposalID': {'id': '90'}, 'support': 1, 'single_vote': '1'}, {'proposalID': {'id': '107'}, 'support': 0, 'single_vote': '1'}, {'proposalID': {'id': '108'}, 'support': 0, 'single_vote': '1'}, {'proposalID': {'id': '109'}, 'support': 1, 'single_vote': '1'}, {'proposalID': {'id': '110'}, 'support': 1, 'single_vote': '1'}, {'proposalID': {'id': '111'}, 'support': 1, 'single_vote': '1'}]"
59,0x5d802e2fe48392c104ce0401c7eca8a4456f1f16,"[{'proposalID': {'id': '95'}, 'support': 1, 'single_vote': '14'}, {'proposalID': {'id': '97'}, 'support': 1, 'single_vote': '14'}, {'proposalID': {'id': '99'}, 'support': 1, 'single_vote': '14'}, {'proposalID': {'id': '101'}, 'support': 2, 'single_vote': '14'}, {'proposalID': {'id': '102'}, 'support': 1, 'single_vote': '12'}, {'proposalID': {'id': '103'}, 'support': 1, 'single_vote': '12'}, {'proposalID': {'id': '104'}, 'support': 1, 'single_vote': '12'}, {'proposalID': {'id': '108'}, 'support': 1, 'single_vote': '11'}, {'proposalID': {'id': '111'}, 'support': 1, 'single_vote': '11'}]"
60,0x5edf575176dc43fe9e18b55a67a3e4a018eb4f5b,"[{'proposalID': {'id': '75'}, 'support': 1, 'single_vote': '1'}, {'proposalID': {'id': '77'}, 'support': 1, 'single_vote': '1'}, {'proposalID': {'id': '81'}, 'support': 0, 'single_vote': '1'}, {'proposalID': {'id': '82'}, 'support': 1, 'single_vote': '1'}, {'proposalID': {'id': '83'}, 'support': 1, 'single_vote': '1'}]"
61,0x6223bc5fd16a19bcfae2281dde47861cfe1023ee,"[{'proposalID': {'id': '100'}, 'support': 1, 'single_vote': '2'}, {'proposalID': {'id': '101'}, 'support': 1, 'single_vote': '2'}, {'proposalID': {'id': '105'}, 'support': 1, 'single_vote': '2'}, {'proposalID': {'id': '107'}, 'support': 0, 'single_vote': '2'}, {'proposalID': {'id': '108'}, 'support': 1, 'single_vote': '2'}]"
62,0x64e9cd118aa8d45c20efeeefd68679372f5e48dc,"[{'proposalID': {'id': '54'}, 'support': 1, 'single_vote': '1'}, {'proposalID': {'id': '85'}, 'support': 1, 'single_vote': '2'}, {'proposalID': {'id': '89'}, 'support': 1, 'single_vote': '2'}, {'proposalID': {'id': '90'}, 'support': 1, 'single_vote': '2'}, {'proposalID': {'id': '103'}, 'support': 1, 'single_vote': '1'}, {'proposalID': {'id': '104'}, 'support': 1, 'single_vote': '1'}]"
63,0x6924686b3dcd04ae8ef91a3feccc262d020f519d,"[{'proposalID': {'id': '29'}, 'support': 1, 'single_vote': '1'}, {'proposalID': {'id': '52'}, 'support': 1, 'single_vote': '1'}, {'proposalID': {'id': '53'}, 'support': 1, 'single_vote': '1'}]"
64,0x6937db08db977c734fc1ce884d2915b05147f845,"[{'proposalID': {'id': '105'}, 'support': 1, 'single_vote': '1'}, {'proposalID': {'id': '108'}, 'support': 1, 'single_vote': '1'}, {'proposalID': {'id': '109'}, 'support': 1, 'single_vote': '1'}]"
65,0x696ed7b26f4b019ceec78dc8b9140ad64a6f354b,"[{'proposalID': {'id': '16'}, 'support': 1, 'single_vote': '5'}, {'proposalID': {'id': '17'}, 'support': 1, 'single_vote': '6'}, {'proposalID': {'id': '18'}, 'support': 0, 'single_vote': '6'}, {'proposalID': {'id': '19'}, 'support': 1, 'single_vote': '8'}, {'proposalID': {'id': '20'}, 'support': 1, 'single_vote': '9'}, {'proposalID': {'id': '21'}, 'support': 1, 'single_vote': '9'}, {'proposalID': {'id': '22'}, 'support': 0, 'single_vote': '10'}, {'proposalID': {'id': '23'}, 'support': 1, 'single_vote': '10'}, {'proposalID': {'id': '24'}, 'support': 0, 'single_vote': '10'}, {'proposalID': {'id': '25'}, 'support': 1, 'single_vote': '10'}, {'proposalID': {'id': '26'}, 'support': 1, 'single_vote': '10'}, {'proposalID': {'id': '27'}, 'support': 1, 'single_vote': '10'}, {'proposalID': {'id': '28'}, 'support': 1, 'single_vote': '11'}, {'proposalID': {'id': '29'}, 'support': 1, 'single_vote': '12'}, {'proposalID': {'id': '31'}, 'support': 1, 'single_vote': '12'}, {'proposalID': {'id': '32'}, 'support': 1, 'single_vote': '12'}, {'proposalID': {'id': '33'}, 'support': 1, 'single_vote': '13'}, {'proposalID': {'id': '34'}, 'support': 1, 'single_vote': '13'}, {'proposalID': {'id': '35'}, 'support': 1, 'single_vote': '14'}, {'proposalID': {'id': '36'}, 'support': 1, 'single_vote': '14'}, {'proposalID': {'id': '37'}, 'support': 0, 'single_vote': '14'}, {'proposalID': {'id': '38'}, 'support': 1, 'single_vote': '14'}, {'proposalID': {'id': '39'}, 'support': 1, 'single_vote': '15'}, {'proposalID': {'id': '40'}, 'support': 1, 'single_vote': '14'}, {'proposalID': {'id': '41'}, 'support': 1, 'single_vote': '14'}, {'proposalID': {'id': '43'}, 'support': 1, 'single_vote': '13'}, {'proposalID': {'id': '44'}, 'support': 1, 'single_vote': '15'}, {'proposalID': {'id': '45'}, 'support': 1, 'single_vote': '12'}, {'proposalID': {'id': '46'}, 'support': 1, 'single_vote': '12'}, {'proposalID': {'id': '47'}, 'support': 1, 'single_vote': '13'}, {'proposalID': {'id': '48'}, 'support': 1, 'single_vote': '13'}, {'proposalID': {'id': '49'}, 'support': 1, 'single_vote': '13'}, {'proposalID': {'id': '51'}, 'support': 1, 'single_vote': '10'}, {'proposalID': {'id': '52'}, 'support': 1, 'single_vote': '10'}, {'proposalID': {'id': '53'}, 'support': 1, 'single_vote': '10'}, {'proposalID': {'id': '54'}, 'support': 1, 'single_vote': '10'}, {'proposalID': {'id': '55'}, 'support': 0, 'single_vote': '10'}, {'proposalID': {'id': '57'}, 'support': 1, 'single_vote': '9'}, {'proposalID': {'id': '58'}, 'support': 1, 'single_vote': '9'}, {'proposalID': {'id': '59'}, 'support': 0, 'single_vote': '9'}, {'proposalID': {'id': '60'}, 'support': 1, 'single_vote': '8'}, {'proposalID': {'id': '61'}, 'support': 1, 'single_vote': '8'}, {'proposalID': {'id': '62'}, 'support': 1, 'single_vote': '8'}, {'proposalID': {'id': '67'}, 'support': 1, 'single_vote': '7'}, {'proposalID': {'id': '68'}, 'support': 1, 'single_vote': '7'}, {'proposalID': {'id': '69'}, 'support': 1, 'single_vote': '7'}, {'proposalID': {'id': '70'}, 'support': 1, 'single_vote': '7'}, {'proposalID': {'id': '72'}, 'support': 1, 'single_vote': '6'}, {'proposalID': {'id': '75'}, 'support': 1, 'single_vote': '6'}, {'proposalID': {'id': '81'}, 'support': 0, 'single_vote': '6'}, {'proposalID': {'id': '82'}, 'support': 0, 'single_vote': '6'}, {'proposalID': {'id': '83'}, 'support': 1, 'single_vote': '6'}, {'proposalID': {'id': '86'}, 'support': 2, 'single_vote': '6'}, {'proposalID': {'id': '87'}, 'support': 1, 'single_vote': '6'}, {'proposalID': {'id': '89'}, 'support': 1, 'single_vote': '6'}, {'proposalID': {'id': '93'}, 'support': 0, 'single_vote': '6'}, {'proposalID': {'id': '94'}, 'support': 1, 'single_vote': '6'}, {'proposalID': {'id': '95'}, 'support': 1, 'single_vote': '6'}, {'proposalID': {'id': '105'}, 'support': 1, 'single_vote': '6'}, {'proposalID': {'id': '106'}, 'support': 1, 'single_vote': '6'}, {'proposalID': {'id': '14'}, 'support': 1, 'single_vote': '4'}, {'proposalID': {'id': '15'}, 'support': 1, 'single_vote': '5'}]"
66,0x6a693a682f8cfea669c3170814d875107cb3accb,"[{'proposalID': {'id': '75'}, 'support': 0, 'single_vote': '1'}, {'proposalID': {'id': '81'}, 'support': 1, 'single_vote': '1'}]"
67,0x6c0cf880cb20eefabfb09341fba9e2bd29ad3dfa,"[{'proposalID': {'id': '17'}, 'support': 1, 'single_vote': '1'}, {'proposalID': {'id': '18'}, 'support': 1, 'single_vote': '1'}, {'proposalID': {'id': '9'}, 'support': 1, 'single_vote': '1'}, {'proposalID': {'id': '11'}, 'support': 1, 'single_vote': '1'}, {'proposalID': {'id': '12'}, 'support': 1, 'single_vote': '1'}, {'proposalID': {'id': '13'}, 'support': 1, 'single_vote': '1'}, {'proposalID': {'id': '15'}, 'support': 1, 'single_vote': '1'}]"
68,0x6d40c2da94c6522e361904383c37c605f39b8e73,"[{'proposalID': {'id': '48'}, 'support': 1, 'single_vote': '2'}, {'proposalID': {'id': '49'}, 'support': 1, 'single_vote': '2'}, {'proposalID': {'id': '51'}, 'support': 1, 'single_vote': '5'}, {'proposalID': {'id': '52'}, 'support': 1, 'single_vote': '5'}, {'proposalID': {'id': '53'}, 'support': 1, 'single_vote': '5'}, {'proposalID': {'id': '54'}, 'support': 1, 'single_vote': '5'}, {'proposalID': {'id': '55'}, 'support': 0, 'single_vote': '5'}, {'proposalID': {'id': '60'}, 'support': 1, 'single_vote': '6'}, {'proposalID': {'id': '61'}, 'support': 1, 'single_vote': '6'}, {'proposalID': {'id': '62'}, 'support': 1, 'single_vote': '6'}, {'proposalID': {'id': '67'}, 'support': 1, 'single_vote': '7'}, {'proposalID': {'id': '68'}, 'support': 1, 'single_vote': '7'}, {'proposalID': {'id': '69'}, 'support': 1, 'single_vote': '7'}, {'proposalID': {'id': '70'}, 'support': 1, 'single_vote': '7'}, {'proposalID': {'id': '81'}, 'support': 0, 'single_vote': '7'}, {'proposalID': {'id': '82'}, 'support': 0, 'single_vote': '7'}, {'proposalID': {'id': '83'}, 'support': 1, 'single_vote': '7'}, {'proposalID': {'id': '89'}, 'support': 1, 'single_vote': '7'}, {'proposalID': {'id': '93'}, 'support': 0, 'single_vote': '7'}, {'proposalID': {'id': '94'}, 'support': 1, 'single_vote': '7'}, {'proposalID': {'id': '95'}, 'support': 1, 'single_vote': '7'}]"
69,0x6f9e3976fa3b5b22761fe5d635e1f0d9d9aeb85d,"[{'proposalID': {'id': '16'}, 'support': 1, 'single_vote': '1'}, {'proposalID': {'id': '17'}, 'support': 1, 'single_vote': '1'}, {'proposalID': {'id': '18'}, 'support': 1, 'single_vote': '1'}, {'proposalID': {'id': '19'}, 'support': 1, 'single_vote': '1'}, {'proposalID': {'id': '20'}, 'support': 1, 'single_vote': '1'}, {'proposalID': {'id': '21'}, 'support': 1, 'single_vote': '1'}, {'proposalID': {'id': '22'}, 'support': 1, 'single_vote': '1'}, {'proposalID': {'id': '25'}, 'support': 1, 'single_vote': '1'}, {'proposalID': {'id': '26'}, 'support': 1, 'single_vote': '1'}, {'proposalID': {'id': '27'}, 'support': 1, 'single_vote': '1'}, {'proposalID': {'id': '31'}, 'support': 1, 'single_vote': '1'}, {'proposalID': {'id': '33'}, 'support': 1, 'single_vote': '1'}, {'proposalID': {'id': '34'}, 'support': 1, 'single_vote': '1'}, {'proposalID': {'id': '35'}, 'support': 1, 'single_vote': '1'}, {'proposalID': {'id': '37'}, 'support': 1, 'single_vote': '1'}, {'proposalID': {'id': '38'}, 'support': 1, 'single_vote': '1'}, {'proposalID': {'id': '39'}, 'support': 1, 'single_vote': '1'}, {'proposalID': {'id': '40'}, 'support': 1, 'single_vote': '1'}, {'proposalID': {'id': '42'}, 'support': 1, 'single_vote': '1'}, {'proposalID': {'id': '43'}, 'support': 1, 'single_vote': '1'}, {'proposalID': {'id': '45'}, 'support': 1, 'single_vote': '1'}, {'proposalID': {'id': '46'}, 'support': 1, 'single_vote': '1'}, {'proposalID': {'id': '51'}, 'support': 1, 'single_vote': '1'}, {'proposalID': {'id': '52'}, 'support': 0, 'single_vote': '1'}, {'proposalID': {'id': '57'}, 'support': 2, 'single_vote': '1'}, {'proposalID': {'id': '61'}, 'support': 1, 'single_vote': '1'}, {'proposalID': {'id': '62'}, 'support': 1, 'single_vote': '1'}, {'proposalID': {'id': '63'}, 'support': 1, 'single_vote': '1'}, {'proposalID': {'id': '64'}, 'support': 1, 'single_vote': '1'}, {'proposalID': {'id': '67'}, 'support': 1, 'single_vote': '1'}, {'proposalID': {'id': '71'}, 'support': 1, 'single_vote': '1'}, {'proposalID': {'id': '72'}, 'support': 1, 'single_vote': '1'}, {'proposalID': {'id': '73'}, 'support': 1, 'single_vote': '1'}, {'proposalID': {'id': '75'}, 'support': 1, 'single_vote': '1'}, {'proposalID': {'id': '5'}, 'support': 1, 'single_vote': '1'}, {'proposalID': {'id': '81'}, 'support': 0, 'single_vote': '1'}, {'proposalID': {'id': '82'}, 'support': 1, 'single_vote': '1'}, {'proposalID': {'id': '83'}, 'support': 1, 'single_vote': '1'}, {'proposalID': {'id': '87'}, 'support': 1, 'single_vote': '1'}, {'proposalID': {'id': '90'}, 'support': 1, 'single_vote': '1'}, {'proposalID': {'id': '91'}, 'support': 1, 'single_vote': '1'}, {'proposalID': {'id': '92'}, 'support': 1, 'single_vote': '1'}, {'proposalID': {'id': '6'}, 'support': 1, 'single_vote': '1'}, {'proposalID': {'id': '98'}, 'support': 1, 'single_vote': '1'}, {'proposalID': {'id': '99'}, 'support': 1, 'single_vote': '1'}, {'proposalID': {'id': '100'}, 'support': 1, 'single_vote': '1'}, {'proposalID': {'id': '101'}, 'support': 1, 'single_vote': '1'}, {'proposalID': {'id': '103'}, 'support': 1, 'single_vote': '1'}, {'proposalID': {'id': '104'}, 'support': 1, 'single_vote': '1'}, {'proposalID': {'id': '108'}, 'support': 1, 'single_vote': '1'}, {'proposalID': {'id': '109'}, 'support': 1, 'single_vote': '1'}, {'proposalID': {'id': '110'}, 'support': 1, 'single_vote': '1'}, {'proposalID': {'id': '111'}, 'support': 1, 'single_vote': '1'}, {'proposalID': {'id': '7'}, 'support': 1, 'single_vote': '1'}, {'proposalID': {'id': '11'}, 'support': 1, 'single_vote': '1'}, {'proposalID': {'id': '12'}, 'support': 1, 'single_vote': '1'}, {'proposalID': {'id': '13'}, 'support': 1, 'single_vote': '1'}, {'proposalID': {'id': '14'}, 'support': 1, 'single_vote': '1'}, {'proposalID': {'id': '15'}, 'support': 1, 'single_vote': '1'}]"
70,0x73222225044ce0fc672ff9b6f9730d0a0421382c,"[{'proposalID': {'id': '37'}, 'support': 1, 'single_vote': '1'}, {'proposalID': {'id': '38'}, 'support': 1, 'single_vote': '1'}, {'proposalID': {'id': '39'}, 'support': 1, 'single_vote': '1'}, {'proposalID': {'id': '40'}, 'support': 1, 'single_vote': '1'}, {'proposalID': {'id': '42'}, 'support': 1, 'single_vote': '1'}, {'proposalID': {'id': '43'}, 'support': 1, 'single_vote': '1'}, {'proposalID': {'id': '44'}, 'support': 1, 'single_vote': '1'}, {'proposalID': {'id': '46'}, 'support': 1, 'single_vote': '1'}, {'proposalID': {'id': '47'}, 'support': 1, 'single_vote': '1'}, {'proposalID': {'id': '48'}, 'support': 1, 'single_vote': '1'}, {'proposalID': {'id': '49'}, 'support': 2, 'single_vote': '1'}, {'proposalID': {'id': '90'}, 'support': 1, 'single_vote': '1'}, {'proposalID': {'id': '91'}, 'support': 1, 'single_vote': '1'}, {'proposalID': {'id': '92'}, 'support': 1, 'single_vote': '1'}, {'proposalID': {'id': '93'}, 'support': 1, 'single_vote': '1'}, {'proposalID': {'id': '94'}, 'support': 1, 'single_vote': '1'}, {'proposalID': {'id': '95'}, 'support': 1, 'single_vote': '1'}, {'proposalID': {'id': '103'}, 'support': 1, 'single_vote': '1'}, {'proposalID': {'id': '104'}, 'support': 1, 'single_vote': '1'}, {'proposalID': {'id': '108'}, 'support': 1, 'single_vote': '1'}, {'proposalID': {'id': '109'}, 'support': 1, 'single_vote': '1'}, {'proposalID': {'id': '110'}, 'support': 1, 'single_vote': '1'}]"
71,0x75ee6eb3d8dacf41ee2e5307090b197d3e1cca6e,"[{'proposalID': {'id': '17'}, 'support': 1, 'single_vote': '2'}, {'proposalID': {'id': '18'}, 'support': 1, 'single_vote': '2'}, {'proposalID': {'id': '20'}, 'support': 1, 'single_vote': '2'}, {'proposalID': {'id': '21'}, 'support': 1, 'single_vote': '2'}, {'proposalID': {'id': '22'}, 'support': 1, 'single_vote': '2'}, {'proposalID': {'id': '23'}, 'support': 1, 'single_vote': '2'}, {'proposalID': {'id': '24'}, 'support': 0, 'single_vote': '2'}, {'proposalID': {'id': '25'}, 'support': 1, 'single_vote': '2'}, {'proposalID': {'id': '27'}, 'support': 1, 'single_vote': '2'}, {'proposalID': {'id': '29'}, 'support': 1, 'single_vote': '2'}, {'proposalID': {'id': '30'}, 'support': 1, 'single_vote': '2'}, {'proposalID': {'id': '31'}, 'support': 1, 'single_vote': '2'}, {'proposalID': {'id': '33'}, 'support': 1, 'single_vote': '2'}, {'proposalID': {'id': '34'}, 'support': 1, 'single_vote': '2'}, {'proposalID': {'id': '35'}, 'support': 1, 'single_vote': '2'}, {'proposalID': {'id': '36'}, 'support': 1, 'single_vote': '2'}, {'proposalID': {'id': '38'}, 'support': 1, 'single_vote': '2'}, {'proposalID': {'id': '39'}, 'support': 1, 'single_vote': '2'}, {'proposalID': {'id': '40'}, 'support': 1, 'single_vote': '2'}, {'proposalID': {'id': '44'}, 'support': 1, 'single_vote': '2'}, {'proposalID': {'id': '47'}, 'support': 1, 'single_vote': '2'}, {'proposalID': {'id': '48'}, 'support': 1, 'single_vote': '2'}, {'proposalID': {'id': '3'}, 'support': 1, 'single_vote': '1'}, {'proposalID': {'id': '61'}, 'support': 1, 'single_vote': '2'}, {'proposalID': {'id': '5'}, 'support': 1, 'single_vote': '1'}, {'proposalID': {'id': '84'}, 'support': 1, 'single_vote': '2'}, {'proposalID': {'id': '85'}, 'support': 1, 'single_vote': '2'}, {'proposalID': {'id': '89'}, 'support': 0, 'single_vote': '2'}, {'proposalID': {'id': '90'}, 'support': 1, 'single_vote': '2'}, {'proposalID': {'id': '91'}, 'support': 1, 'single_vote': '2'}, {'proposalID': {'id': '92'}, 'support': 1, 'single_vote': '2'}, {'proposalID': {'id': '94'}, 'support': 0, 'single_vote': '2'}, {'proposalID': {'id': '95'}, 'support': 1, 'single_vote': '2'}, {'proposalID': {'id': '6'}, 'support': 1, 'single_vote': '1'}, {'proposalID': {'id': '97'}, 'support': 0, 'single_vote': '2'}, {'proposalID': {'id': '99'}, 'support': 1, 'single_vote': '2'}, {'proposalID': {'id': '103'}, 'support': 1, 'single_vote': '2'}, {'proposalID': {'id': '105'}, 'support': 1, 'single_vote': '2'}, {'proposalID': {'id': '106'}, 'support': 1, 'single_vote': '11'}, {'proposalID': {'id': '107'}, 'support': 1, 'single_vote': '11'}, {'proposalID': {'id': '108'}, 'support': 1, 'single_vote': '12'}, {'proposalID': {'id': '110'}, 'support': 1, 'single_vote': '12'}, {'proposalID': {'id': '111'}, 'support': 1, 'single_vote': '13'}, {'proposalID': {'id': '8'}, 'support': 1, 'single_vote': '1'}, {'proposalID': {'id': '9'}, 'support': 1, 'single_vote': '1'}, {'proposalID': {'id': '11'}, 'support': 1, 'single_vote': '1'}, {'proposalID': {'id': '12'}, 'support': 1, 'single_vote': '1'}, {'proposalID': {'id': '13'}, 'support': 1, 'single_vote': '1'}]"
72,0x7bee754c1b75917cadc51e23f69304419970b04f,"[{'proposalID': {'id': '44'}, 'support': 1, 'single_vote': '1'}]"
73,0x7d81478ad18ad375e53de6f74f3122f6be3499ca,"[{'proposalID': {'id': '89'}, 'support': 0, 'single_vote': '1'}, {'proposalID': {'id': '90'}, 'support': 1, 'single_vote': '1'}, {'proposalID': {'id': '91'}, 'support': 1, 'single_vote': '1'}, {'proposalID': {'id': '92'}, 'support': 1, 'single_vote': '1'}, {'proposalID': {'id': '93'}, 'support': 1, 'single_vote': '1'}, {'proposalID': {'id': '94'}, 'support': 1, 'single_vote': '1'}]"
74,0x7dd5b92716542ab2442030df6d87cec437a51ded,"[{'proposalID': {'id': '103'}, 'support': 1, 'single_vote': '1'}, {'proposalID': {'id': '105'}, 'support': 1, 'single_vote': '1'}, {'proposalID': {'id': '108'}, 'support': 0, 'single_vote': '1'}]"
75,0x7f33beaa131a6896b97e27c505c532ce40f88f33,"[{'proposalID': {'id': '37'}, 'support': 1, 'single_vote': '1'}]"
76,0x7fa020f063b3a06153ed755cee5923039efb86a3,"[{'proposalID': {'id': '65'}, 'support': 1, 'single_vote': '1'}, {'proposalID': {'id': '73'}, 'support': 1, 'single_vote': '7'}, {'proposalID': {'id': '75'}, 'support': 1, 'single_vote': '7'}, {'proposalID': {'id': '81'}, 'support': 1, 'single_vote': '8'}, {'proposalID': {'id': '82'}, 'support': 1, 'single_vote': '8'}, {'proposalID': {'id': '87'}, 'support': 1, 'single_vote': '10'}]"
77,0x81974c1a09e53c5129c6e4f74e547fda0adf4d2d,"[{'proposalID': {'id': '29'}, 'support': 1, 'single_vote': '1'}, {'proposalID': {'id': '30'}, 'support': 1, 'single_vote': '1'}]"
78,0x8321795bdace7428d4fadfa30c2ee8e727e491e5,"[{'proposalID': {'id': '89'}, 'support': 2, 'single_vote': '1'}, {'proposalID': {'id': '90'}, 'support': 1, 'single_vote': '1'}, {'proposalID': {'id': '91'}, 'support': 1, 'single_vote': '1'}, {'proposalID': {'id': '92'}, 'support': 1, 'single_vote': '1'}, {'proposalID': {'id': '93'}, 'support': 1, 'single_vote': '1'}, {'proposalID': {'id': '94'}, 'support': 1, 'single_vote': '1'}, {'proposalID': {'id': '95'}, 'support': 1, 'single_vote': '1'}]"
79,0x8323f1c687f7e2296ec71ee3549a7430ea7ec730,"[{'proposalID': {'id': '28'}, 'support': 1, 'single_vote': '1'}, {'proposalID': {'id': '29'}, 'support': 1, 'single_vote': '1'}, {'proposalID': {'id': '31'}, 'support': 1, 'single_vote': '1'}, {'proposalID': {'id': '33'}, 'support': 1, 'single_vote': '1'}, {'proposalID': {'id': '37'}, 'support': 1, 'single_vote': '1'}, {'proposalID': {'id': '40'}, 'support': 1, 'single_vote': '1'}, {'proposalID': {'id': '42'}, 'support': 1, 'single_vote': '1'}, {'proposalID': {'id': '43'}, 'support': 1, 'single_vote': '1'}, {'proposalID': {'id': '51'}, 'support': 1, 'single_vote': '1'}, {'proposalID': {'id': '53'}, 'support': 1, 'single_vote': '1'}, {'proposalID': {'id': '56'}, 'support': 1, 'single_vote': '1'}, {'proposalID': {'id': '58'}, 'support': 1, 'single_vote': '1'}, {'proposalID': {'id': '61'}, 'support': 1, 'single_vote': '1'}, {'proposalID': {'id': '62'}, 'support': 1, 'single_vote': '1'}, {'proposalID': {'id': '63'}, 'support': 1, 'single_vote': '1'}, {'proposalID': {'id': '67'}, 'support': 1, 'single_vote': '1'}, {'proposalID': {'id': '73'}, 'support': 1, 'single_vote': '1'}, {'proposalID': {'id': '74'}, 'support': 0, 'single_vote': '1'}, {'proposalID': {'id': '75'}, 'support': 1, 'single_vote': '1'}, {'proposalID': {'id': '77'}, 'support': 1, 'single_vote': '1'}, {'proposalID': {'id': '78'}, 'support': 0, 'single_vote': '1'}, {'proposalID': {'id': '81'}, 'support': 0, 'single_vote': '1'}, {'proposalID': {'id': '82'}, 'support': 1, 'single_vote': '1'}, {'proposalID': {'id': '83'}, 'support': 1, 'single_vote': '1'}]"
80,0x83fcfe8ba2fece9578f0bbafed4ebf5e915045b9,"[{'proposalID': {'id': '17'}, 'support': 1, 'single_vote': '1'}, {'proposalID': {'id': '18'}, 'support': 1, 'single_vote': '1'}, {'proposalID': {'id': '20'}, 'support': 1, 'single_vote': '1'}, {'proposalID': {'id': '21'}, 'support': 1, 'single_vote': '1'}, {'proposalID': {'id': '22'}, 'support': 1, 'single_vote': '2'}, {'proposalID': {'id': '24'}, 'support': 0, 'single_vote': '2'}, {'proposalID': {'id': '28'}, 'support': 1, 'single_vote': '4'}, {'proposalID': {'id': '29'}, 'support': 1, 'single_vote': '5'}, {'proposalID': {'id': '30'}, 'support': 1, 'single_vote': '5'}, {'proposalID': {'id': '32'}, 'support': 1, 'single_vote': '6'}, {'proposalID': {'id': '33'}, 'support': 1, 'single_vote': '6'}, {'proposalID': {'id': '35'}, 'support': 1, 'single_vote': '7'}, {'proposalID': {'id': '36'}, 'support': 1, 'single_vote': '7'}, {'proposalID': {'id': '37'}, 'support': 1, 'single_vote': '7'}, {'proposalID': {'id': '38'}, 'support': 1, 'single_vote': '7'}, {'proposalID': {'id': '39'}, 'support': 1, 'single_vote': '7'}, {'proposalID': {'id': '40'}, 'support': 1, 'single_vote': '8'}, {'proposalID': {'id': '41'}, 'support': 1, 'single_vote': '8'}, {'proposalID': {'id': '42'}, 'support': 1, 'single_vote': '8'}, {'proposalID': {'id': '44'}, 'support': 1, 'single_vote': '7'}, {'proposalID': {'id': '45'}, 'support': 1, 'single_vote': '7'}, {'proposalID': {'id': '46'}, 'support': 1, 'single_vote': '7'}, {'proposalID': {'id': '51'}, 'support': 1, 'single_vote': '7'}, {'proposalID': {'id': '52'}, 'support': 0, 'single_vote': '7'}, {'proposalID': {'id': '53'}, 'support': 1, 'single_vote': '7'}, {'proposalID': {'id': '56'}, 'support': 1, 'single_vote': '7'}, {'proposalID': {'id': '57'}, 'support': 1, 'single_vote': '7'}, {'proposalID': {'id': '58'}, 'support': 1, 'single_vote': '7'}, {'proposalID': {'id': '59'}, 'support': 0, 'single_vote': '7'}, {'proposalID': {'id': '65'}, 'support': 1, 'single_vote': '7'}, {'proposalID': {'id': '71'}, 'support': 1, 'single_vote': '7'}, {'proposalID': {'id': '72'}, 'support': 0, 'single_vote': '7'}, {'proposalID': {'id': '73'}, 'support': 1, 'single_vote': '7'}, {'proposalID': {'id': '75'}, 'support': 1, 'single_vote': '7'}, {'proposalID': {'id': '81'}, 'support': 0, 'single_vote': '7'}, {'proposalID': {'id': '83'}, 'support': 1, 'single_vote': '8'}, {'proposalID': {'id': '84'}, 'support': 2, 'single_vote': '9'}, {'proposalID': {'id': '85'}, 'support': 1, 'single_vote': '9'}, {'proposalID': {'id': '86'}, 'support': 2, 'single_vote': '9'}, {'proposalID': {'id': '87'}, 'support': 1, 'single_vote': '9'}, {'proposalID': {'id': '89'}, 'support': 0, 'single_vote': '9'}, {'proposalID': {'id': '90'}, 'support': 1, 'single_vote': '9'}, {'proposalID': {'id': '91'}, 'support': 1, 'single_vote': '9'}, {'proposalID': {'id': '92'}, 'support': 1, 'single_vote': '9'}, {'proposalID': {'id': '93'}, 'support': 0, 'single_vote': '9'}, {'proposalID': {'id': '94'}, 'support': 1, 'single_vote': '9'}, {'proposalID': {'id': '97'}, 'support': 1, 'single_vote': '10'}, {'proposalID': {'id': '98'}, 'support': 1, 'single_vote': '13'}, {'proposalID': {'id': '99'}, 'support': 1, 'single_vote': '13'}, {'proposalID': {'id': '101'}, 'support': 1, 'single_vote': '13'}, {'proposalID': {'id': '102'}, 'support': 1, 'single_vote': '14'}, {'proposalID': {'id': '103'}, 'support': 1, 'single_vote': '14'}, {'proposalID': {'id': '104'}, 'support': 1, 'single_vote': '14'}, {'proposalID': {'id': '105'}, 'support': 1, 'single_vote': '14'}, {'proposalID': {'id': '106'}, 'support': 1, 'single_vote': '14'}, {'proposalID': {'id': '107'}, 'support': 0, 'single_vote': '14'}, {'proposalID': {'id': '108'}, 'support': 1, 'single_vote': '14'}, {'proposalID': {'id': '109'}, 'support': 1, 'single_vote': '14'}, {'proposalID': {'id': '110'}, 'support': 1, 'single_vote': '14'}]"
81,0x87757c7fd54d892176e9ecec6767bc16e04a06a8,"[{'proposalID': {'id': '105'}, 'support': 1, 'single_vote': '3'}, {'proposalID': {'id': '106'}, 'support': 1, 'single_vote': '3'}, {'proposalID': {'id': '107'}, 'support': 0, 'single_vote': '3'}, {'proposalID': {'id': '108'}, 'support': 1, 'single_vote': '3'}, {'proposalID': {'id': '110'}, 'support': 1, 'single_vote': '3'}]"
82,0x879253b5cc2b13bb976e075f0571f85454a315f6,"[{'proposalID': {'id': '29'}, 'support': 1, 'single_vote': '2'}, {'proposalID': {'id': '33'}, 'support': 1, 'single_vote': '2'}, {'proposalID': {'id': '42'}, 'support': 1, 'single_vote': '2'}, {'proposalID': {'id': '43'}, 'support': 1, 'single_vote': '2'}]"
83,0x88f9e324801320a3fc22c8d045a98ad32a490d8e,"[{'proposalID': {'id': '103'}, 'support': 1, 'single_vote': '3'}, {'proposalID': {'id': '104'}, 'support': 1, 'single_vote': '3'}, {'proposalID': {'id': '105'}, 'support': 1, 'single_vote': '3'}, {'proposalID': {'id': '106'}, 'support': 1, 'single_vote': '3'}, {'proposalID': {'id': '107'}, 'support': 0, 'single_vote': '3'}]"
84,0x8e71c9644898665a91e4db3dee8bdde97b3c71bc,"[{'proposalID': {'id': '42'}, 'support': 1, 'single_vote': '2'}, {'proposalID': {'id': '43'}, 'support': 1, 'single_vote': '3'}, {'proposalID': {'id': '59'}, 'support': 1, 'single_vote': '3'}]"
85,0x90e5aa59a9df2add394df81521dbbed5f3c4a1a3,"[{'proposalID': {'id': '81'}, 'support': 1, 'single_vote': '1'}, {'proposalID': {'id': '86'}, 'support': 1, 'single_vote': '1'}]"
86,0x912a526852527dfb5d44c22a15b708aa493cda6b,"[{'proposalID': {'id': '27'}, 'support': 1, 'single_vote': '1'}, {'proposalID': {'id': '2'}, 'support': 1, 'single_vote': '1'}, {'proposalID': {'id': '38'}, 'support': 1, 'single_vote': '1'}, {'proposalID': {'id': '3'}, 'support': 1, 'single_vote': '2'}, {'proposalID': {'id': '4'}, 'support': 1, 'single_vote': '2'}]"
87,0x91dccaa260cc4616e1a6e6b693db7207c5e42937,"[{'proposalID': {'id': '23'}, 'support': 1, 'single_vote': '1'}, {'proposalID': {'id': '24'}, 'support': 0, 'single_vote': '1'}, {'proposalID': {'id': '26'}, 'support': 1, 'single_vote': '1'}, {'proposalID': {'id': '28'}, 'support': 1, 'single_vote': '1'}, {'proposalID': {'id': '29'}, 'support': 1, 'single_vote': '1'}, {'proposalID': {'id': '30'}, 'support': 1, 'single_vote': '1'}, {'proposalID': {'id': '33'}, 'support': 1, 'single_vote': '1'}, {'proposalID': {'id': '35'}, 'support': 1, 'single_vote': '1'}, {'proposalID': {'id': '37'}, 'support': 1, 'single_vote': '1'}, {'proposalID': {'id': '38'}, 'support': 1, 'single_vote': '1'}, {'proposalID': {'id': '40'}, 'support': 1, 'single_vote': '1'}, {'proposalID': {'id': '41'}, 'support': 1, 'single_vote': '1'}, {'proposalID': {'id': '42'}, 'support': 1, 'single_vote': '1'}, {'proposalID': {'id': '43'}, 'support': 1, 'single_vote': '1'}, {'proposalID': {'id': '44'}, 'support': 1, 'single_vote': '1'}, {'proposalID': {'id': '45'}, 'support': 1, 'single_vote': '1'}, {'proposalID': {'id': '46'}, 'support': 1, 'single_vote': '1'}, {'proposalID': {'id': '47'}, 'support': 1, 'single_vote': '1'}, {'proposalID': {'id': '48'}, 'support': 1, 'single_vote': '1'}, {'proposalID': {'id': '49'}, 'support': 2, 'single_vote': '1'}, {'proposalID': {'id': '51'}, 'support': 1, 'single_vote': '1'}, {'proposalID': {'id': '52'}, 'support': 2, 'single_vote': '1'}, {'proposalID': {'id': '54'}, 'support': 1, 'single_vote': '1'}, {'proposalID': {'id': '55'}, 'support': 0, 'single_vote': '1'}, {'proposalID': {'id': '56'}, 'support': 1, 'single_vote': '1'}, {'proposalID': {'id': '57'}, 'support': 2, 'single_vote': '1'}, {'proposalID': {'id': '58'}, 'support': 1, 'single_vote': '1'}, {'proposalID': {'id': '61'}, 'support': 1, 'single_vote': '1'}, {'proposalID': {'id': '63'}, 'support': 1, 'single_vote': '1'}, {'proposalID': {'id': '64'}, 'support': 1, 'single_vote': '1'}, {'proposalID': {'id': '65'}, 'support': 1, 'single_vote': '1'}, {'proposalID': {'id': '67'}, 'support': 1, 'single_vote': '1'}, {'proposalID': {'id': '71'}, 'support': 1, 'single_vote': '1'}, {'proposalID': {'id': '72'}, 'support': 1, 'single_vote': '1'}, {'proposalID': {'id': '73'}, 'support': 1, 'single_vote': '1'}, {'proposalID': {'id': '74'}, 'support': 1, 'single_vote': '1'}, {'proposalID': {'id': '75'}, 'support': 1, 'single_vote': '1'}, {'proposalID': {'id': '77'}, 'support': 1, 'single_vote': '1'}, {'proposalID': {'id': '81'}, 'support': 0, 'single_vote': '1'}, {'proposalID': {'id': '82'}, 'support': 1, 'single_vote': '1'}, {'proposalID': {'id': '83'}, 'support': 1, 'single_vote': '1'}, {'proposalID': {'id': '84'}, 'support': 1, 'single_vote': '1'}, {'proposalID': {'id': '85'}, 'support': 1, 'single_vote': '1'}, {'proposalID': {'id': '86'}, 'support': 2, 'single_vote': '1'}, {'proposalID': {'id': '87'}, 'support': 1, 'single_vote': '1'}, {'proposalID': {'id': '89'}, 'support': 0, 'single_vote': '1'}, {'proposalID': {'id': '91'}, 'support': 1, 'single_vote': '1'}, {'proposalID': {'id': '95'}, 'support': 1, 'single_vote': '1'}, {'proposalID': {'id': '97'}, 'support': 1, 'single_vote': '1'}, {'proposalID': {'id': '99'}, 'support': 1, 'single_vote': '1'}, {'proposalID': {'id': '100'}, 'support': 1, 'single_vote': '1'}, {'proposalID': {'id': '101'}, 'support': 1, 'single_vote': '1'}, {'proposalID': {'id': '102'}, 'support': 1, 'single_vote': '1'}, {'proposalID': {'id': '103'}, 'support': 1, 'single_vote': '1'}, {'proposalID': {'id': '105'}, 'support': 1, 'single_vote': '1'}, {'proposalID': {'id': '107'}, 'support': 2, 'single_vote': '1'}, {'proposalID': {'id': '108'}, 'support': 1, 'single_vote': '1'}]"
88,0x920d5e8a6d314cd59eb5d9faf526fa7b24e127fa,"[{'proposalID': {'id': '90'}, 'support': 1, 'single_vote': '1'}, {'proposalID': {'id': '97'}, 'support': 1, 'single_vote': '1'}]"
89,0x93b4149e4cd06e16c57964b7e59b6d9a8fd11062,"[{'proposalID': {'id': '92'}, 'support': 1, 'single_vote': '0'}]"
90,0x94b9fa136ef7c17cea6cea456e2b0d023e69ebe0,"[{'proposalID': {'id': '29'}, 'support': 1, 'single_vote': '1'}, {'proposalID': {'id': '30'}, 'support': 1, 'single_vote': '1'}, {'proposalID': {'id': '32'}, 'support': 1, 'single_vote': '1'}, {'proposalID': {'id': '33'}, 'support': 1, 'single_vote': '1'}, {'proposalID': {'id': '34'}, 'support': 1, 'single_vote': '1'}, {'proposalID': {'id': '37'}, 'support': 1, 'single_vote': '1'}, {'proposalID': {'id': '68'}, 'support': 1, 'single_vote': '1'}, {'proposalID': {'id': '72'}, 'support': 1, 'single_vote': '1'}, {'proposalID': {'id': '73'}, 'support': 1, 'single_vote': '1'}, {'proposalID': {'id': '74'}, 'support': 0, 'single_vote': '1'}, {'proposalID': {'id': '81'}, 'support': 0, 'single_vote': '1'}, {'proposalID': {'id': '82'}, 'support': 1, 'single_vote': '1'}, {'proposalID': {'id': '83'}, 'support': 1, 'single_vote': '1'}, {'proposalID': {'id': '84'}, 'support': 1, 'single_vote': '1'}, {'proposalID': {'id': '85'}, 'support': 1, 'single_vote': '1'}, {'proposalID': {'id': '86'}, 'support': 2, 'single_vote': '1'}, {'proposalID': {'id': '87'}, 'support': 1, 'single_vote': '1'}, {'proposalID': {'id': '90'}, 'support': 1, 'single_vote': '1'}, {'proposalID': {'id': '95'}, 'support': 1, 'single_vote': '1'}]"
91,0x9646e0f7544b8ee3649e7ac77eef0cf5b53b748a,"[{'proposalID': {'id': '16'}, 'support': 1, 'single_vote': '1'}, {'proposalID': {'id': '17'}, 'support': 1, 'single_vote': '1'}, {'proposalID': {'id': '18'}, 'support': 1, 'single_vote': '1'}, {'proposalID': {'id': '33'}, 'support': 1, 'single_vote': '2'}, {'proposalID': {'id': '3'}, 'support': 1, 'single_vote': '1'}, {'proposalID': {'id': '4'}, 'support': 1, 'single_vote': '1'}, {'proposalID': {'id': '5'}, 'support': 1, 'single_vote': '1'}, {'proposalID': {'id': '9'}, 'support': 1, 'single_vote': '1'}, {'proposalID': {'id': '11'}, 'support': 1, 'single_vote': '1'}, {'proposalID': {'id': '15'}, 'support': 1, 'single_vote': '1'}]"
92,0x98d0ef0bb5a3908b6b3942e838ea40161dae555d,"[{'proposalID': {'id': '37'}, 'support': 1, 'single_vote': '1'}]"
93,0x9a2f6117d1ffa82ad0a2b36f133d476db5bd55f5,"[{'proposalID': {'id': '75'}, 'support': 1, 'single_vote': '1'}, {'proposalID': {'id': '83'}, 'support': 1, 'single_vote': '1'}, {'proposalID': {'id': '90'}, 'support': 1, 'single_vote': '1'}, {'proposalID': {'id': '91'}, 'support': 1, 'single_vote': '1'}, {'proposalID': {'id': '92'}, 'support': 1, 'single_vote': '1'}, {'proposalID': {'id': '93'}, 'support': 1, 'single_vote': '1'}, {'proposalID': {'id': '95'}, 'support': 1, 'single_vote': '1'}, {'proposalID': {'id': '97'}, 'support': 1, 'single_vote': '1'}, {'proposalID': {'id': '98'}, 'support': 1, 'single_vote': '1'}, {'proposalID': {'id': '100'}, 'support': 1, 'single_vote': '1'}, {'proposalID': {'id': '101'}, 'support': 1, 'single_vote': '1'}, {'proposalID': {'id': '102'}, 'support': 1, 'single_vote': '1'}, {'proposalID': {'id': '103'}, 'support': 1, 'single_vote': '1'}, {'proposalID': {'id': '104'}, 'support': 1, 'single_vote': '1'}, {'proposalID': {'id': '105'}, 'support': 1, 'single_vote': '1'}, {'proposalID': {'id': '106'}, 'support': 1, 'single_vote': '1'}]"
94,0x9cb8c1463471ee4d8dd6887035f4835a1745e92a,"[{'proposalID': {'id': '16'}, 'support': 1, 'single_vote': '1'}, {'proposalID': {'id': '27'}, 'support': 1, 'single_vote': '1'}, {'proposalID': {'id': '33'}, 'support': 1, 'single_vote': '2'}, {'proposalID': {'id': '37'}, 'support': 1, 'single_vote': '2'}, {'proposalID': {'id': '40'}, 'support': 1, 'single_vote': '2'}, {'proposalID': {'id': '9'}, 'support': 1, 'single_vote': '1'}, {'proposalID': {'id': '11'}, 'support': 1, 'single_vote': '1'}]"
95,0xa068d2ce57234a6324575ecc088f0d3b2c100974,"[{'proposalID': {'id': '99'}, 'support': 1, 'single_vote': '1'}, {'proposalID': {'id': '102'}, 'support': 1, 'single_vote': '1'}]"
96,0xa1c0b11b86a46885b87c7ed68b91faa0c349e1cd,"[{'proposalID': {'id': '105'}, 'support': 1, 'single_vote': '1'}, {'proposalID': {'id': '108'}, 'support': 1, 'single_vote': '1'}]"
97,0xa1e4f7dc1983fefe37e2175524ebad87f1c78c3c,"[{'proposalID': {'id': '42'}, 'support': 1, 'single_vote': '2'}, {'proposalID': {'id': '48'}, 'support': 1, 'single_vote': '3'}, {'proposalID': {'id': '9'}, 'support': 1, 'single_vote': '1'}, {'proposalID': {'id': '11'}, 'support': 1, 'single_vote': '1'}]"
98,0xa312899a7c6377cb70e258a3b49b1dcd96ba830d,"[{'proposalID': {'id': '47'}, 'support': 1, 'single_vote': '0'}]"
99,0xa32f90b21d11561d31ff604745907acc77fb67e3,"[{'proposalID': {'id': '77'}, 'support': 1, 'single_vote': '1'}]"
